Timestamp,Status,Message
2025-05-09 14:11:56,initialize,ğŸš€ Starting report generation process...
2025-05-09 14:11:56,initialize,ğŸš€ Request created: xxxxxtt
2025-05-09 14:11:56,info,ğŸ’² You can view the cost metrics for this request at http://192.168.100.4:8000/api/logs?request_id=xxxxxtt
2025-05-09 14:11:56,generating,ğŸ’­ Report generation process started. This may take a while.
2025-05-09 14:11:56,generating,ğŸ“‹ Generating Table of Contents...
2025-05-09 14:12:50,generating,ğŸ“‹ Extracting Table of Contents...
2025-05-09 14:12:54,generating,"ğŸ“‘ Report Title: KBêµ­ë¯¼ì¹´ë“œ, í”„ë¦¬ë¯¸ì—„ ì‹œì¥ ë¦¬ë”ì‹­ ê°•í™”ë¥¼ ìœ„í•œ ê²½ìŸ ìš°ìœ„ í™•ë³´ ì „ëµ: í•˜ë‚˜ì€í–‰ ë° ìš°ë¦¬ì€í–‰ ìƒí’ˆ ì‹¬ì¸µ ë¹„êµ ë¶„ì„"
2025-05-09 14:12:54,generating,ğŸ“‘ Found 7 sections to process
2025-05-09 14:12:54,generating,ğŸ“ Generating section 1: ì„œë¡ : êµ­ë‚´ í”„ë¦¬ë¯¸ì—„ ì‹ ìš©ì¹´ë“œ ì‹œì¥ ë™í–¥ ë° ê²½ìŸ í™˜ê²½ ë¶„ì„
2025-05-09 14:13:33,polishing,âœ¨ Polishing section 1: ì„œë¡ : êµ­ë‚´ í”„ë¦¬ë¯¸ì—„ ì‹ ìš©ì¹´ë“œ ì‹œì¥ ë™í–¥ ë° ê²½ìŸ í™˜ê²½ ë¶„ì„
2025-05-09 14:14:00,generating,âœ… Section 1 completed: ì„œë¡ : êµ­ë‚´ í”„ë¦¬ë¯¸ì—„ ì‹ ìš©ì¹´ë“œ ì‹œì¥ ë™í–¥ ë° ê²½ìŸ í™˜ê²½ ë¶„ì„
2025-05-09 14:14:00,saving,ğŸ’¾ Saving report files...
2025-05-09 14:14:00,saving,âœ… PDF generated successfully: reports\20250509_141400_xxxxxtt_korean.pdf
2025-05-09 14:14:00,uploading,ğŸ“¤ Uploading PDF to Google Cloud Storage...
2025-05-09 14:14:03,uploading,âœ… PDF uploaded successfully to korean folder: korean/20250509_141400_xxxxxtt_korean.pdf
2025-05-09 14:14:03,uploading,ğŸ”— Public URL: https://storage.googleapis.com/credit-card-reports/korean/20250509_141400_xxxxxtt_korean.pdf
2025-05-09 14:14:03,metrics,======================================================================
2025-05-09 14:14:03,metrics,ğŸ“Š Overall Total Usage:
2025-05-09 14:14:03,metrics,"   â”œâ”€ Total Input Tokens:  17,442"
2025-05-09 14:14:03,metrics,"   â”œâ”€ Total Output Tokens: 10,173"
2025-05-09 14:14:03,metrics,"   â””â”€ Total All Tokens:   27,615"
2025-05-09 14:14:03,metrics,   â””â”€ Total Cost:         $0.087848
2025-05-09 14:14:03,metrics,======================================================================
2025-05-09 14:14:03,completed,âœ… Report generation process completed!
